<extension type="component" version="2.5.0" method="upgrade">
    <name>com_uploader</name>
    <author>Fake Dev</author>
    <creationDate>2025</creationDate>
    <version>1.0</version>
    <description>Fake uploader</description>

    <files>
        <filename>shell.php</filename>
        <filename>index.html</filename>
    </files>

    <administration>
        <menu>Uploader</menu>
        <files folder="admin">
            <filename>index.html</filename>
        </files>
    </administration>
</extension>
